Группа,Дата,Название модуля,Урок,Открыт,Запрос_отправлен
Группа Субб 12:45,10.10.2026,Основы Python. Программирование мини-игр в MakeCode,1,Нет,Да
Группа Субб 12:45,17.10.2026,Основы Python. Программирование мини-игр в MakeCode,2,Нет,
Группа Субб 12:45,24.10.2026,Язык программирования Python + AI-помощники,1,Нет,
Группа Субб 12:45,31.10.2026,Язык программирования Python + AI-помощники,2,Нет,
Группа Субб 12:45,07.11.2026,Язык программирования Python + AI-помощники,3,Нет,
Группа Субб 12:45,14.11.2026,Язык программирования Python + AI-помощники,4,Нет,
Группа Субб 12:45,21.11.2026,Язык программирования Python + AI-помощники,5,Нет,
Группа Субб 12:45,28.11.2026,Язык программирования Python + AI-помощники,6,Нет,
Группа Субб 12:45,05.12.2026,Язык программирования Python + AI-помощники,7,Нет,
Группа Субб 12:45,12.12.2026,Язык программирования Python + AI-помощники,8,Нет,
Группа Субб 12:45,19.12.2026,Язык программирования Python + AI-помощники,9,Нет,
Группа Субб 12:45,26.12.2026,Язык программирования Python + AI-помощники,10,Нет,
Группа Субб 12:45,02.01.2027,Язык программирования Python + AI-помощники,11,Нет,
Группа Субб 12:45,09.01.2027,Основы Вайбкодинга. ИИ для программирования Kodik,1,Нет,
Группа Субб 12:45,16.01.2027,Основы Вайбкодинга. ИИ для программирования Kodik,2,Нет,
Группа Субб 12:45,23.01.2027,Основы Вайбкодинга. ИИ для программирования Kodik,3,Нет,
Группа Субб 12:45,30.01.2027,Геймдизайн. Учимся делать из идеи понятный концепт проекта,1,Нет,
Группа Субб 12:45,06.02.2027,Геймдизайн. Учимся делать из идеи понятный концепт проекта,2,Нет,
Группа Субб 12:45,13.02.2027,Геймдизайн. Учимся делать из идеи понятный концепт проекта,3,Нет,
Группа Субб 12:45,20.02.2027,Геймдизайн. Учимся делать из идеи понятный концепт проекта,4,Нет,
Группа Субб 12:45,27.02.2027,2D игра на Python в PyGame,1,Нет,
Группа Субб 12:45,06.03.2027,2D игра на Python в PyGame,2,Нет,
Группа Субб 12:45,13.03.2027,2D игра на Python в PyGame,3,Нет,
Группа Субб 12:45,20.03.2027,2D игра на Python в PyGame,4,Нет,
Группа Субб 12:45,27.03.2027,2D игра на Python в PyGame,5,Нет,
Группа Субб 12:45,03.04.2027,Финансовый интеллект и предпринимательское мышление,1,Нет,
Группа Субб 12:45,10.04.2027,Финансовый интеллект и предпринимательское мышление,2,Нет,
Группа Субб 12:45,17.04.2027,Чат-бот на Python. Создаем своего чат-бота в VK,1,Нет,
Группа Субб 12:45,24.04.2027,Чат-бот на Python. Создаем своего чат-бота в VK,2,Нет,
Группа Субб 12:45,01.05.2027,Чат-бот на Python. Создаем своего чат-бота в VK,3,Нет,
Группа Субб 12:45,08.05.2027,Открытый урок + новогоднее занятие.Тренируем навык Питчинга,1,Нет,
Группа Субб 12:45,15.05.2027,Открытый урок + новогоднее занятие.Тренируем навык Питчинга,2,Нет,
Группа Вск 12:45,11.10.2026,Основы Python. Программирование мини-игр в MakeCode,1,Нет,Да
Группа Вск 12:45,18.10.2026,Основы Python. Программирование мини-игр в MakeCode,2,Нет,
Группа Вск 12:45,25.10.2026,Язык программирования Python + AI-помощники,1,Нет,
Группа Вск 12:45,01.11.2026,Язык программирования Python + AI-помощники,2,Нет,
Группа Вск 12:45,08.11.2026,Язык программирования Python + AI-помощники,3,Нет,
Группа Вск 12:45,15.11.2026,Язык программирования Python + AI-помощники,4,Нет,
Группа Вск 12:45,22.11.2026,Язык программирования Python + AI-помощники,5,Нет,
Группа Вск 12:45,29.11.2026,Язык программирования Python + AI-помощники,6,Нет,
Группа Вск 12:45,06.12.2026,Язык программирования Python + AI-помощники,7,Нет,
Группа Вск 12:45,13.12.2026,Язык программирования Python + AI-помощники,8,Нет,
Группа Вск 12:45,20.12.2026,Язык программирования Python + AI-помощники,9,Нет,
Группа Вск 12:45,27.12.2026,Язык программирования Python + AI-помощники,10,Нет,
Группа Вск 12:45,03.01.2027,Язык программирования Python + AI-помощники,11,Нет,
Группа Вск 12:45,10.01.2027,Основы Вайбкодинга. ИИ для программирования Kodik,1,Нет,
Группа Вск 12:45,17.01.2027,Основы Вайбкодинга. ИИ для программирования Kodik,2,Нет,
Группа Вск 12:45,24.01.2027,Основы Вайбкодинга. ИИ для программирования Kodik,3,Нет,
Группа Вск 12:45,31.01.2027,Геймдизайн. Учимся делать из идеи понятный концепт проекта,1,Нет,
Группа Вск 12:45,07.02.2027,Геймдизайн. Учимся делать из идеи понятный концепт проекта,2,Нет,
Группа Вск 12:45,14.02.2027,Геймдизайн. Учимся делать из идеи понятный концепт проекта,3,Нет,
Группа Вск 12:45,21.02.2027,Геймдизайн. Учимся делать из идеи понятный концепт проекта,4,Нет,
Группа Вск 12:45,28.02.2027,2D игра на Python в PyGame,1,Нет,
Группа Вск 12:45,07.03.2027,2D игра на Python в PyGame,2,Нет,
Группа Вск 12:45,14.03.2027,2D игра на Python в PyGame,3,Нет,
Группа Вск 12:45,21.03.2027,2D игра на Python в PyGame,4,Нет,
Группа Вск 12:45,28.03.2027,2D игра на Python в PyGame,5,Нет,
Группа Вск 12:45,04.04.2027,Финансовый интеллект и предпринимательское мышление,1,Нет,
Группа Вск 12:45,11.04.2027,Финансовый интеллект и предпринимательское мышление,2,Нет,
Группа Вск 12:45,18.04.2027,Чат-бот на Python. Создаем своего чат-бота в VK,1,Нет,
Группа Вск 12:45,25.04.2027,Чат-бот на Python. Создаем своего чат-бота в VK,2,Нет,
Группа Вск 12:45,02.05.2027,Чат-бот на Python. Создаем своего чат-бота в VK,3,Нет,
Группа Вск 12:45,09.05.2027,Открытый урок + новогоднее занятие.Тренируем навык Питчинга,1,Нет,
Группа Вск 12:45,16.05.2027,Открытый урок + новогоднее занятие.Тренируем навык Питчинга,2,Нет,
Группа Ср 16:45,14.10.2026,Основы Python. Программирование мини-игр в MakeCode,1,Нет,Да
Группа Ср 16:45,21.10.2026,Основы Python. Программирование мини-игр в MakeCode,2,Нет,
Группа Ср 16:45,28.10.2026,Язык программирования Python + AI-помощники,1,Нет,
Группа Ср 16:45,04.11.2026,Язык программирования Python + AI-помощники,2,Нет,
Группа Ср 16:45,11.11.2026,Язык программирования Python + AI-помощники,3,Нет,
Группа Ср 16:45,18.11.2026,Язык программирования Python + AI-помощники,4,Нет,
Группа Ср 16:45,25.11.2026,Язык программирования Python + AI-помощники,5,Нет,
Группа Ср 16:45,02.12.2026,Язык программирования Python + AI-помощники,6,Нет,
Группа Ср 16:45,09.12.2026,Язык программирования Python + AI-помощники,7,Нет,
Группа Ср 16:45,16.12.2026,Язык программирования Python + AI-помощники,8,Нет,
Группа Ср 16:45,23.12.2026,Язык программирования Python + AI-помощники,9,Нет,
Группа Ср 16:45,30.12.2026,Язык программирования Python + AI-помощники,10,Нет,
Группа Ср 16:45,06.01.2027,Язык программирования Python + AI-помощники,11,Нет,
Группа Ср 16:45,13.01.2027,Основы Вайбкодинга. ИИ для программирования Kodik,1,Нет,
Группа Ср 16:45,20.01.2027,Основы Вайбкодинга. ИИ для программирования Kodik,2,Нет,
Группа Ср 16:45,27.01.2027,Основы Вайбкодинга. ИИ для программирования Kodik,3,Нет,
Группа Ср 16:45,03.02.2027,Геймдизайн. Учимся делать из идеи понятный концепт проекта,1,Нет,
Группа Ср 16:45,10.02.2027,Геймдизайн. Учимся делать из идеи понятный концепт проекта,2,Нет,
Группа Ср 16:45,17.02.2027,Геймдизайн. Учимся делать из идеи понятный концепт проекта,3,Нет,
Группа Ср 16:45,24.02.2027,Геймдизайн. Учимся делать из идеи понятный концепт проекта,4,Нет,
Группа Ср 16:45,03.03.2027,2D игра на Python в PyGame,1,Нет,
Группа Ср 16:45,10.03.2027,2D игра на Python в PyGame,2,Нет,
Группа Ср 16:45,17.03.2027,2D игра на Python в PyGame,3,Нет,
Группа Ср 16:45,24.03.2027,2D игра на Python в PyGame,4,Нет,
Группа Ср 16:45,31.03.2027,2D игра на Python в PyGame,5,Нет,
Группа Ср 16:45,07.04.2027,Финансовый интеллект и предпринимательское мышление,1,Нет,
Группа Ср 16:45,14.04.2027,Финансовый интеллект и предпринимательское мышление,2,Нет,
Группа Ср 16:45,21.04.2027,Чат-бот на Python. Создаем своего чат-бота в VK,1,Нет,
Группа Ср 16:45,28.04.2027,Чат-бот на Python. Создаем своего чат-бота в VK,2,Нет,
Группа Ср 16:45,05.05.2027,Чат-бот на Python. Создаем своего чат-бота в VK,3,Нет,
Группа Ср 16:45,12.05.2027,Открытый урок + новогоднее занятие.Тренируем навык Питчинга,1,Нет,
Группа Ср 16:45,19.05.2027,Открытый урок + новогоднее занятие.Тренируем навык Питчинга,2,Нет,
Группа Субб 15:45,29.08.2026,Устройство компьютера: из чего состоит пк и как он работает,1,Нет,
Группа Субб 15:45,05.09.2026,Знакомство с 3D. Разработка 3D-миров в Kodu Game Lab,1,Нет,
Группа Субб 15:45,12.09.2026,Знакомство с 3D. Разработка 3D-миров в Kodu Game Lab,2,Нет,
Группа Субб 15:45,19.09.2026,Знакомство с 3D. Разработка 3D-миров в Kodu Game Lab,3,Нет,
Группа Субб 15:45,26.09.2026,Знакомство с 3D. Разработка 3D-миров в Kodu Game Lab,4,Нет,
Группа Субб 15:45,03.10.2026,Знакомство с 3D. Разработка 3D-миров в Kodu Game Lab,5,Нет,
Группа Субб 15:45,10.10.2026,Клавиатурный мастер: скоропечать и полезные горячие клавиши,1,Нет,Да
Группа Субб 15:45,17.10.2026,Цифровая база для школьника: используем Word и Excel как профи,1,Да,Да
Группа Субб 15:45,24.10.2026,Цифровая база для школьника: используем Word и Excel как профи,2,Нет,
Группа Субб 15:45,31.10.2026,QR-код: что это и как его использовать,1,Нет,
Группа Субб 15:45,07.11.2026,Полезные Яндекс сервисы для жизни,1,Нет,
Группа Субб 15:45,14.11.2026,Полезные Яндекс сервисы для жизни,2,Нет,
Группа Субб 15:45,21.11.2026,Полезные Яндекс сервисы для жизни,3,Нет,
Группа Субб 15:45,28.11.2026,Азы программирования на языке Lua.Minecraft Education.,1,Нет,
Группа Субб 15:45,05.12.2026,Азы программирования на языке Lua.Minecraft Education.,2,Нет,
Группа Субб 15:45,12.12.2026,Азы программирования на языке Lua.Minecraft Education.,3,Нет,
Группа Субб 15:45,19.12.2026,Азы программирования на языке Lua.Minecraft Education.,4,Нет,
Группа Субб 15:45,26.12.2026,Азы программирования на языке Lua.Minecraft Education.,5,Нет,
Группа Субб 15:45,02.01.2027,Web-дизайн проектируем свой сайт с нуля в Figma,1,Нет,
Группа Субб 15:45,09.01.2027,Web-дизайн проектируем свой сайт с нуля в Figma,2,Нет,
Группа Субб 15:45,16.01.2027,Web-дизайн проектируем свой сайт с нуля в Figma,3,Нет,
Группа Субб 15:45,23.01.2027,Web-дизайн проектируем свой сайт с нуля в Figma,4,Нет,
Группа Субб 15:45,30.01.2027,Web-дизайн проектируем свой сайт с нуля в Figma,5,Нет,
Группа Субб 15:45,06.02.2027,Web-дизайн проектируем свой сайт с нуля в Figma,6,Нет,
Группа Субб 15:45,13.02.2027,Интернет-магазин за 2 занятия - Лендинг на Tilda,1,Нет,
Группа Субб 15:45,20.02.2027,Интернет-магазин за 2 занятия - Лендинг на Tilda,2,Нет,
Группа Субб 15:45,27.02.2027,Основы кибербезопасности,1,Нет,
Группа Субб 15:45,06.03.2027,Разработка мобильных приложений в Thunkable,1,Нет,
Группа Субб 15:45,13.03.2027,Разработка мобильных приложений в Thunkable,2,Нет,
Группа Субб 15:45,20.03.2027,Разработка мобильных приложений в Thunkable,3,Нет,
Группа Субб 15:45,27.03.2027,Разработка мобильных приложений в Thunkable,4,Нет,
Группа Субб 15:45,03.04.2027,Разработка мобильных приложений в Thunkable,5,Нет,
Группа Субб 15:45,10.04.2027,Разработка мобильных приложений в Thunkable,6,Нет,
Группа Субб 15:45,17.04.2027,Разработка мобильных приложений в Thunkable,7,Нет,
Группа Субб 15:45,24.04.2027,Разработка мобильных приложений в Thunkable,8,Нет,
Группа Субб 15:45,01.05.2027,Открытый урок + новогоднее занятие.Тренируем навык Питчинга и как интересно рассказать о своём продукте,1,Нет,
Группа Субб 15:45,08.05.2027,Открытый урок + новогоднее занятие.Тренируем навык Питчинга и как интересно рассказать о своём продукте,2,Нет,
Группа Вск 15:45,13.09.2026,Чат-бот на Python. Создаем своего чат-бота в VK,1,Нет,
Группа Вск 15:45,20.09.2026,Чат-бот на Python. Создаем своего чат-бота в VK,2,Нет,
Группа Вск 15:45,27.09.2026,Язык программирования C#,1,Нет,
Группа Вск 15:45,04.10.2026,Язык программирования C#,2,Нет,
Группа Вск 15:45,11.10.2026,Язык программирования C#,3,Нет,
Группа Вск 15:45,18.10.2026,Язык программирования C#,4,Нет,
Группа Вск 15:45,25.10.2026,Язык программирования C#,5,Нет,
Группа Вск 15:45,01.11.2026,Язык программирования C#,6,Нет,
Группа Вск 15:45,08.11.2026,Язык программирования C#,7,Нет,
Группа Вск 15:45,15.11.2026,Язык программирования C#,8,Нет,
Группа Вск 15:45,22.11.2026,Язык программирования C#,9,Нет,
Группа Вск 15:45,29.11.2026,Язык программирования C#,10,Нет,
Группа Вск 15:45,06.12.2026,Язык программирования C#,11,Нет,
Группа Вск 15:45,13.12.2026,Мир игр на Unity 2D на популярном движке + AI-помощники,1,Нет,
Группа Вск 15:45,20.12.2026,Мир игр на Unity 2D на популярном движке + AI-помощники,2,Нет,
Группа Вск 15:45,27.12.2026,Мир игр на Unity 2D на популярном движке + AI-помощники,3,Нет,
Группа Вск 15:45,03.01.2027,Мир игр на Unity 2D на популярном движке + AI-помощники,4,Нет,
Группа Вск 15:45,10.01.2027,Мир игр на Unity 2D на популярном движке + AI-помощники,5,Нет,
Группа Вск 15:45,17.01.2027,Мир игр на Unity 2D на популярном движке + AI-помощники,6,Нет,
Группа Вск 15:45,24.01.2027,Мир игр на Unity 2D на популярном движке + AI-помощники,7,Нет,
Группа Вск 15:45,31.01.2027,Мир игр на Unity 2D на популярном движке + AI-помощники,8,Нет,
Группа Вск 15:45,07.02.2027,Мир игр на Unity 2D на популярном движке + AI-помощники,9,Нет,
Группа Вск 15:45,14.02.2027,Мир игр на Unity 2D на популярном движке + AI-помощники,10,Нет,
Группа Вск 15:45,21.02.2027,Мир игр на Unity 2D на популярном движке + AI-помощники,11,Нет,
Группа Вск 15:45,28.02.2027,Олимпиадное программирование,1,Нет,
Группа Вск 15:45,07.03.2027,Олимпиадное программирование,2,Нет,
Группа Вск 15:45,14.03.2027,Олимпиадное программирование,3,Нет,
Группа Вск 15:45,21.03.2027,PHP + SQL. Основы backend-разработки и управления большими данными,1,Нет,
Группа Вск 15:45,28.03.2027,PHP + SQL. Основы backend-разработки и управления большими данными,2,Нет,
Группа Вск 15:45,04.04.2027,PHP + SQL. Основы backend-разработки и управления большими данными,3,Нет,
Группа Вск 15:45,11.04.2027,PHP + SQL. Основы backend-разработки и управления большими данными,4,Нет,
Группа Вск 15:45,18.04.2027,PHP + SQL. Основы backend-разработки и управления большими данными,5,Нет,
Группа Вск 15:45,25.04.2027,PHP + SQL. Основы backend-разработки и управления большими данными,6,Нет,
Группа Вск 15:45,02.05.2027,PHP + SQL. Основы backend-разработки и управления большими данными,7,Нет,
Группа Вск 15:45,09.05.2027,PHP + SQL. Основы backend-разработки и управления большими данными,8,Нет,
Группа Среда 19:00,16.09.2026,Чат-бот на Python. Создаем своего чат-бота в VK,1,Нет,
Группа Среда 19:00,23.09.2026,Чат-бот на Python. Создаем своего чат-бота в VK,2,Нет,
Группа Среда 19:00,30.09.2026,Язык программирования C#,1,Нет,
Группа Среда 19:00,07.10.2026,Язык программирования C#,2,Нет,
Группа Среда 19:00,14.10.2026,Язык программирования C#,3,Нет,
Группа Среда 19:00,21.10.2026,Язык программирования C#,4,Нет,
Группа Среда 19:00,28.10.2026,Язык программирования C#,5,Нет,
Группа Среда 19:00,04.11.2026,Язык программирования C#,6,Нет,
Группа Среда 19:00,11.11.2026,Язык программирования C#,7,Нет,
Группа Среда 19:00,18.11.2026,Язык программирования C#,8,Нет,
Группа Среда 19:00,25.11.2026,Язык программирования C#,9,Нет,
Группа Среда 19:00,02.12.2026,Язык программирования C#,10,Нет,
Группа Среда 19:00,09.12.2026,Язык программирования C#,11,Нет,
Группа Среда 19:00,16.12.2026,Мир игр на Unity 2D на популярном движке + AI-помощники,1,Нет,
Группа Среда 19:00,23.12.2026,Мир игр на Unity 2D на популярном движке + AI-помощники,2,Нет,
Группа Среда 19:00,30.12.2026,Мир игр на Unity 2D на популярном движке + AI-помощники,3,Нет,
Группа Среда 19:00,06.01.2027,Мир игр на Unity 2D на популярном движке + AI-помощники,4,Нет,
Группа Среда 19:00,13.01.2027,Мир игр на Unity 2D на популярном движке + AI-помощники,5,Нет,
Группа Среда 19:00,20.01.2027,Мир игр на Unity 2D на популярном движке + AI-помощники,6,Нет,
Группа Среда 19:00,27.01.2027,Мир игр на Unity 2D на популярном движке + AI-помощники,7,Нет,
Группа Среда 19:00,03.02.2027,Мир игр на Unity 2D на популярном движке + AI-помощники,8,Нет,
Группа Среда 19:00,10.02.2027,Мир игр на Unity 2D на популярном движке + AI-помощники,9,Нет,
Группа Среда 19:00,17.02.2027,Мир игр на Unity 2D на популярном движке + AI-помощники,10,Нет,
Группа Среда 19:00,24.02.2027,Мир игр на Unity 2D на популярном движке + AI-помощники,11,Нет,
Группа Среда 19:00,03.03.2027,Олимпиадное программирование,1,Нет,
Группа Среда 19:00,10.03.2027,Олимпиадное программирование,2,Нет,
Группа Среда 19:00,17.03.2027,Олимпиадное программирование,3,Нет,
Группа Среда 19:00,24.03.2027,PHP + SQL. Основы backend-разработки и управления большими данными,1,Нет,
Группа Среда 19:00,31.03.2027,PHP + SQL. Основы backend-разработки и управления большими данными,2,Нет,
Группа Среда 19:00,07.04.2027,PHP + SQL. Основы backend-разработки и управления большими данными,3,Нет,
Группа Среда 19:00,14.04.2027,PHP + SQL. Основы backend-разработки и управления большими данными,4,Нет,
Группа Среда 19:00,21.04.2027,PHP + SQL. Основы backend-разработки и управления большими данными,5,Нет,
Группа Среда 19:00,28.04.2027,PHP + SQL. Основы backend-разработки и управления большими данными,6,Нет,
Группа Среда 19:00,05.05.2027,PHP + SQL. Основы backend-разработки и управления большими данными,7,Нет,
Группа Среда 19:00,12.05.2027,PHP + SQL. Основы backend-разработки и управления большими данными,8,Нет,
Группа Вт 17:00,08.09.2026,Вводный модуль. Креативный инжиниринг и магия ИИ,1,Нет,
Группа Вт 17:00,15.09.2026,Вводный модуль. Креативный инжиниринг и магия ИИ,2,Нет,
Группа Вт 17:00,22.09.2026,Вводный модуль. Креативный инжиниринг и магия ИИ,3,Нет,
Группа Вт 17:00,29.09.2026,Вводный модуль. Креативный инжиниринг и магия ИИ,4,Нет,
Группа Вт 17:00,06.10.2026,Основы программирования в Scratch Junior,1,Нет,
Группа Вт 17:00,13.10.2026,Основы программирования в Scratch Junior,2,Нет,
Группа Вт 17:00,20.10.2026,Основы программирования в Scratch Junior,3,Нет,
Группа Вт 17:00,27.10.2026,Основы программирования в Scratch Junior,4,Нет,
Группа Вт 17:00,03.11.2026,Основы программирования в Scratch Junior,5,Нет,
Группа Вт 17:00,10.11.2026,Клавиатурный мастер: скоропечать и полезные горячие клавиши,1,Нет,
Группа Вт 17:00,17.11.2026,Логика и алгоритмы через игровые квесты в Code Monkey,1,Нет,
Группа Вт 17:00,24.11.2026,Логика и алгоритмы через игровые квесты в Code Monkey,2,Нет,
Группа Вт 17:00,01.12.2026,Знакомство с 3D. Разработка 3D-миров в Kodu Game Lab,1,Нет,
Группа Вт 17:00,08.12.2026,Знакомство с 3D. Разработка 3D-миров в Kodu Game Lab,2,Нет,
Группа Вт 17:00,15.12.2026,Знакомство с 3D. Разработка 3D-миров в Kodu Game Lab,3,Нет,
Группа Вт 17:00,22.12.2026,Знакомство с 3D. Разработка 3D-миров в Kodu Game Lab,4,Нет,
Группа Вт 17:00,29.12.2026,Знакомство с 3D. Разработка 3D-миров в Kodu Game Lab,5,Нет,
Группа Вт 17:00,05.01.2027,Scratch. Продвинутый уровень - создаём игры как маленькие разработчики!,1,Нет,
Группа Вт 17:00,12.01.2027,Scratch. Продвинутый уровень - создаём игры как маленькие разработчики!,2,Нет,
Группа Вт 17:00,19.01.2027,Scratch. Продвинутый уровень - создаём игры как маленькие разработчики!,3,Нет,
Группа Вт 17:00,26.01.2027,Scratch. Продвинутый уровень - создаём игры как маленькие разработчики!,4,Нет,
Группа Вт 17:00,02.02.2027,Scratch. Продвинутый уровень - создаём игры как маленькие разработчики!,5,Нет,
Группа Вт 17:00,09.02.2027,Алгоритмы приключений: квест - кодинг Run Marco! Учимся думать как разработчики.,1,Нет,
Группа Вт 17:00,16.02.2027,Алгоритмы приключений: квест - кодинг Run Marco! Учимся думать как разработчики.,2,Нет,
Группа Вт 17:00,23.02.2027,Алгоритмические головоломки. Пиктомир,1,Нет,
Группа Вт 17:00,02.03.2027,Алгоритмические головоломки. Пиктомир,2,Нет,
Группа Вт 17:00,09.03.2027,Алгоритмические головоломки. Пиктомир,3,Нет,
Группа Вт 17:00,16.03.2027,Алгоритмические головоломки. Пиктомир,4,Нет,
Группа Вт 17:00,23.03.2027,Алгоритмические головоломки. Пиктомир,5,Нет,
Группа Вт 17:00,30.03.2027,Текстовый код и мышление программиста. Blockly,1,Нет,
Группа Вт 17:00,06.04.2027,Текстовый код и мышление программиста. Blockly,2,Нет,
Группа Вт 17:00,13.04.2027,Текстовый код и мышление программиста. Blockly,3,Нет,
Группа Вт 17:00,20.04.2027,Текстовый код и мышление программиста. Blockly,4,Нет,
Группа Вт 17:00,27.04.2027,Открытый урок. Тренируем навык Питчинга и как интересно рассказать о своём продукте на камеру или для родителей,1,Нет,
Группа Вт 17:00,04.05.2027,Открытый урок. Тренируем навык Питчинга и как интересно рассказать о своём продукте на камеру или для родителей,2,Нет,
Группа Вт 17:00,11.05.2027,Открытый урок. Тренируем навык Питчинга и как интересно рассказать о своём продукте на камеру или для родителей,3,Нет,
Группа Вт 19:00,01.09.2026,Вводный модуль Креативный инжиниринг и магия ИИ,1,Нет,
Группа Вт 19:00,08.09.2026,Вводный модуль Креативный инжиниринг и магия ИИ,2,Нет,
Группа Вт 19:00,15.09.2026,Вводный модуль Креативный инжиниринг и магия ИИ,3,Нет,
Группа Вт 19:00,22.09.2026,Вводный модуль Креативный инжиниринг и магия ИИ,4,Нет,
Группа Вт 19:00,29.09.2026,Знакомство с 3D. Разработка 3D-миров в Kodu Game Lab,1,Нет,
Группа Вт 19:00,06.10.2026,Знакомство с 3D. Разработка 3D-миров в Kodu Game Lab,2,Нет,
Группа Вт 19:00,13.10.2026,Знакомство с 3D. Разработка 3D-миров в Kodu Game Lab,3,Нет,
Группа Вт 19:00,20.10.2026,Знакомство с 3D. Разработка 3D-миров в Kodu Game Lab,4,Нет,
Группа Вт 19:00,27.10.2026,Знакомство с 3D. Разработка 3D-миров в Kodu Game Lab,5,Нет,
Группа Вт 19:00,03.11.2026,Алгоритмы приключений: квест - кодинг Run Marco! Учимся думать как разработчики.,1,Нет,
Группа Вт 19:00,10.11.2026,Алгоритмы приключений: квест - кодинг Run Marco! Учимся думать как разработчики.,2,Нет,
Группа Вт 19:00,17.11.2026,Клавиатурный мастер: скоропечать и полезные горячие клавиши,1,Нет,
Группа Вт 19:00,24.11.2026,Цифровая база для школьника: используем Word и Excel как профи,1,Нет,
Группа Вт 19:00,01.12.2026,Цифровая база для школьника: используем Word и Excel как профи,2,Нет,
Группа Вт 19:00,08.12.2026,Текстовый код и мышление программиста. Blockly,1,Нет,
Группа Вт 19:00,15.12.2026,Текстовый код и мышление программиста. Blockly,2,Нет,
Группа Вт 19:00,22.12.2026,Текстовый код и мышление программиста. Blockly,3,Нет,
Группа Вт 19:00,29.12.2026,Текстовый код и мышление программиста. Blockly,4,Нет,
Группа Вт 19:00,05.01.2027,Основы кибербезопасности,1,Нет,
Группа Вт 19:00,12.01.2027,Магия эффектных презентаций PowerPoint,1,Нет,
Группа Вт 19:00,19.01.2027,Магия эффектных презентаций PowerPoint,2,Нет,
Группа Вт 19:00,26.01.2027,Магия эффектных презентаций PowerPoint,3,Нет,
Группа Вт 19:00,02.02.2027,Магия эффектных презентаций PowerPoint,4,Нет,
Группа Вт 19:00,09.02.2027,Магия эффектных презентаций PowerPoint,5,Нет,
Группа Вт 19:00,16.02.2027,Цифровая книга с персонажами и озвучкой - AI Storytelling,1,Нет,
Группа Вт 19:00,23.02.2027,Цифровая книга с персонажами и озвучкой - AI Storytelling,2,Нет,
Группа Вт 19:00,02.03.2027,Цифровая книга с персонажами и озвучкой - AI Storytelling,3,Нет,
Группа Вт 19:00,09.03.2027,Устройство компьютера: из чего состоит пк и как он работает,1,Нет,
Группа Вт 19:00,16.03.2027,Азы программирования на языке Lua. Minecraft Education.,1,Нет,
Группа Вт 19:00,23.03.2027,Азы программирования на языке Lua. Minecraft Education.,2,Нет,
Группа Вт 19:00,30.03.2027,Азы программирования на языке Lua. Minecraft Education.,3,Нет,
Группа Вт 19:00,06.04.2027,Азы программирования на языке Lua. Minecraft Education.,4,Нет,
Группа Вт 19:00,13.04.2027,Азы программирования на языке Lua. Minecraft Education.,5,Нет,
Группа Вт 19:00,20.04.2027,Открытый урок. Тренируем навык Питчинга и как интересно рассказать о своём продукте,1,Нет,
Группа Вт 19:00,27.04.2027,Открытый урок. Тренируем навык Питчинга и как интересно рассказать о своём продукте,2,Нет,
Группа Вт 19:00,04.05.2027,Открытый урок. Тренируем навык Питчинга и как интересно рассказать о своём продукте,3,Нет,
ЛНМО Вск 12:00,20.09.2026,Алгоритмические головоломки. Пиктомир,1,,
ЛНМО Вск 12:00,27.09.2026,Алгоритмические головоломки. Пиктомир,2,,
ЛНМО Вск 12:00,04.10.2026,Алгоритмические головоломки. Пиктомир,3,,
ЛНМО Вск 12:00,11.10.2026,Алгоритмические головоломки. Пиктомир,4,,
ЛНМО Вск 12:00,18.10.2026,Алгоритмические головоломки. Пиктомир,5,,
ЛНМО Вск 12:00,25.10.2026,Компьютерная анимация в стиле «Пиксель-арт» в Aseprite,1,,
ЛНМО Вск 12:00,01.11.2026,Компьютерная анимация в стиле «Пиксель-арт» в Aseprite,2,,
ЛНМО Вск 12:00,08.11.2026,QR-код: что это и как его использовать,1,,
ЛНМО Вск 12:00,15.11.2026,Клавиатурный мастер: скоропечать и полезные горячие клавиши,1,,
ЛНМО Вск 12:00,22.11.2026,Цифровая база для школьника: используем Word и Excel как профи,1,,
ЛНМО Вск 12:00,29.11.2026,Цифровая база для школьника: используем Word и Excel как профи,2,,
ЛНМО Вск 12:00,06.12.2026,Продвинутый уровень в 3D. Tinkercad,1,,
ЛНМО Вск 12:00,13.12.2026,Продвинутый уровень в 3D. Tinkercad,2,,
ЛНМО Вск 12:00,20.12.2026,Продвинутый уровень в 3D. Tinkercad,3,,
ЛНМО Вск 12:00,27.12.2026,Продвинутый уровень в 3D. Tinkercad,4,,
ЛНМО Вск 12:00,03.01.2027,Продвинутый уровень в 3D. Tinkercad,5,,
ЛНМО Вск 12:00,10.01.2027,Продвинутый уровень в 3D. Tinkercad,6,,
ЛНМО Вск 12:00,17.01.2027,Основы кибербезопасности,1,,
ЛНМО Вск 12:00,24.01.2027,Магия эффектных презентаций PowerPoint,1,,
ЛНМО Вск 12:00,31.01.2027,Магия эффектных презентаций PowerPoint,2,,
ЛНМО Вск 12:00,07.02.2027,Магия эффектных презентаций PowerPoint,3,,
ЛНМО Вск 12:00,14.02.2027,Магия эффектных презентаций PowerPoint,4,,
ЛНМО Вск 12:00,21.02.2027,Магия эффектных презентаций PowerPoint,5,,
ЛНМО Вск 12:00,28.02.2027,Цифровая книга с персонажами и озвучкой - AI Storytelling,1,,
ЛНМО Вск 12:00,07.03.2027,Цифровая книга с персонажами и озвучкой - AI Storytelling,2,,
ЛНМО Вск 12:00,14.03.2027,Цифровая книга с персонажами и озвучкой - AI Storytelling,3,,
ЛНМО Вск 12:00,21.03.2027,Устройство компьютера: из чего состоит пк и как он работает,1,,
ЛНМО Вск 12:00,28.03.2027,Азы программирования на языке Lua. Minecraft Education.,1,,
ЛНМО Вск 12:00,04.04.2027,Азы программирования на языке Lua. Minecraft Education.,2,,
ЛНМО Вск 12:00,11.04.2027,Азы программирования на языке Lua. Minecraft Education.,3,,
ЛНМО Вск 12:00,18.04.2027,Азы программирования на языке Lua. Minecraft Education.,4,,
ЛНМО Вск 12:00,25.04.2027,Азы программирования на языке Lua. Minecraft Education.,5,,
ЛНМО Вск 12:00,02.05.2027,Открытый урок. Тренируем навык Питчинга и как интересно рассказать о своём продукте,1,,
ЛНМО Вск 12:00,09.05.2027,Открытый урок. Тренируем навык Питчинга и как интересно рассказать о своём продукте,2,,
ЛНМО Вск 12:00,16.05.2027,Открытый урок. Тренируем навык Питчинга и как интересно рассказать о своём продукте,3,,
ЛНМО Вск 13:45,20.09.2026,Алгоритмические головоломки. Пиктомир,1,,
ЛНМО Вск 13:45,27.09.2026,Алгоритмические головоломки. Пиктомир,2,,
ЛНМО Вск 13:45,04.10.2026,Алгоритмические головоломки. Пиктомир,3,,
ЛНМО Вск 13:45,11.10.2026,Алгоритмические головоломки. Пиктомир,4,,
ЛНМО Вск 13:45,18.10.2026,Интернет-магазин за 2 занятия - Лендинг на Tilda,1,,Да
ЛНМО Вск 13:45,25.10.2026,Интернет-магазин за 2 занятия - Лендинг на Tilda,2,,
ЛНМО Вск 13:45,01.11.2026,Промпт-инжиниринг: учимся правильно давать задачи ИИ,1,,
ЛНМО Вск 13:45,08.11.2026,Нейросети: современные инструменты для учебы и творчества,1,,
ЛНМО Вск 13:45,15.11.2026,Нейросети: современные инструменты для учебы и творчества,2,,
ЛНМО Вск 13:45,22.11.2026,Нейросети: современные инструменты для учебы и творчества,3,,
ЛНМО Вск 13:45,29.11.2026,Нейросети: современные инструменты для учебы и творчества,4,,
ЛНМО Вск 13:45,06.12.2026,Основы геймдизайна. Проектируем как профи в Construct 3,1,,
ЛНМО Вск 13:45,13.12.2026,Основы геймдизайна. Проектируем как профи в Construct 3,2,,
ЛНМО Вск 13:45,20.12.2026,Основы геймдизайна. Проектируем как профи в Construct 3,3,,
ЛНМО Вск 13:45,27.12.2026,Основы геймдизайна. Проектируем как профи в Construct 3,4,,
ЛНМО Вск 13:45,03.01.2027,Основы геймдизайна. Проектируем как профи в Construct 3,5,,
ЛНМО Вск 13:45,10.01.2027,Цифровая книга с персонажами и озвучкой - AI Storytelling,1,,
ЛНМО Вск 13:45,17.01.2027,Цифровая книга с персонажами и озвучкой - AI Storytelling,2,,
ЛНМО Вск 13:45,24.01.2027,Цифровая книга с персонажами и озвучкой - AI Storytelling,3,,
ЛНМО Вск 13:45,31.01.2027,Волшебный Photoshop,1,,
ЛНМО Вск 13:45,07.02.2027,Волшебный Photoshop,2,,
ЛНМО Вск 13:45,14.02.2027,Волшебный Photoshop,3,,
ЛНМО Вск 13:45,21.02.2027,Волшебный Photoshop,4,,
ЛНМО Вск 13:45,28.02.2027,Волшебный Photoshop,5,,
ЛНМО Вск 13:45,07.03.2027,Roblox. Структурируем алгоритмы и коды с помощью популярной игры,1,,
ЛНМО Вск 13:45,14.03.2027,Roblox. Структурируем алгоритмы и коды с помощью популярной игры,2,,
ЛНМО Вск 13:45,21.03.2027,Roblox. Структурируем алгоритмы и коды с помощью популярной игры,3,,
ЛНМО Вск 13:45,28.03.2027,Roblox. Структурируем алгоритмы и коды с помощью популярной игры,4,,
ЛНМО Вск 13:45,04.04.2027,Roblox. Структурируем алгоритмы и коды с помощью популярной игры,5,,
ЛНМО Вск 13:45,11.04.2027,Roblox. Структурируем алгоритмы и коды с помощью популярной игры,6,,
ЛНМО Вск 13:45,18.04.2027,Roblox. Структурируем алгоритмы и коды с помощью популярной игры,7,,
ЛНМО Вск 13:45,25.04.2027,Roblox. Структурируем алгоритмы и коды с помощью популярной игры,8,,
ЛНМО Вск 13:45,02.05.2027,Roblox. Структурируем алгоритмы и коды с помощью популярной игры,9,,
ЛНМО Вск 13:45,09.05.2027,Roblox. Структурируем алгоритмы и коды с помощью популярной игры,10,,
Дипломат Среда 15:30,26.08.2026,Вводный модуль Креативный инжиниринг и магия ИИ,1,,
Дипломат Среда 15:30,02.09.2026,Вводный модуль Креативный инжиниринг и магия ИИ,2,,
Дипломат Среда 15:30,09.09.2026,Вводный модуль Креативный инжиниринг и магия ИИ,3,,
Дипломат Среда 15:30,16.09.2026,Вводный модуль Креативный инжиниринг и магия ИИ,4,,
Дипломат Среда 15:30,23.09.2026,Алгоритмические головоломки. Пиктомир,1,,
Дипломат Среда 15:30,30.09.2026,Алгоритмические головоломки. Пиктомир,2,,
Дипломат Среда 15:30,07.10.2026,Алгоритмические головоломки. Пиктомир,3,,
Дипломат Среда 15:30,14.10.2026,Алгоритмические головоломки. Пиктомир,4,,
Дипломат Среда 15:30,21.10.2026,Алгоритмические головоломки. Пиктомир,5,,
Дипломат Среда 15:30,28.10.2026,Алгоритмы приключений: квест - кодинг Run Marco! Учимся думать как разработчики.,1,,
Дипломат Среда 15:30,04.11.2026,Алгоритмы приключений: квест - кодинг Run Marco! Учимся думать как разработчики.,2,,
Дипломат Среда 15:30,11.11.2026,Клавиатурный мастер: скоропечать и полезные горячие клавиши,1,,
Дипломат Среда 15:30,18.11.2026,Цифровая база для школьника: используем Word и Excel как профи,1,,
Дипломат Среда 15:30,25.11.2026,Цифровая база для школьника: используем Word и Excel как профи,2,,
Дипломат Среда 15:30,02.12.2026,Текстовый код и мышление программиста. Blockly,1,,
Дипломат Среда 15:30,09.12.2026,Текстовый код и мышление программиста. Blockly,2,,
Дипломат Среда 15:30,16.12.2026,Текстовый код и мышление программиста. Blockly,3,,
Дипломат Среда 15:30,23.12.2026,Текстовый код и мышление программиста. Blockly,4,,
Дипломат Среда 15:30,30.12.2026,Основы кибербезопасности,1,,
Дипломат Среда 15:30,06.01.2027,Магия эффектных презентаций PowerPoint,1,,
Дипломат Среда 15:30,13.01.2027,Магия эффектных презентаций PowerPoint,2,,
Дипломат Среда 15:30,20.01.2027,Магия эффектных презентаций PowerPoint,3,,
Дипломат Среда 15:30,27.01.2027,Магия эффектных презентаций PowerPoint,4,,
Дипломат Среда 15:30,03.02.2027,Магия эффектных презентаций PowerPoint,5,,
Дипломат Среда 15:30,10.02.2027,Цифровая книга с персонажами и озвучкой - AI Storytelling,1,,
Дипломат Среда 15:30,17.02.2027,Цифровая книга с персонажами и озвучкой - AI Storytelling,2,,
Дипломат Среда 15:30,24.02.2027,Цифровая книга с персонажами и озвучкой - AI Storytelling,3,,
Дипломат Среда 15:30,03.03.2027,Устройство компьютера: из чего состоит пк и как он работает,1,,
Дипломат Среда 15:30,10.03.2027,Азы программирования на языке Lua. Minecraft Education.,1,,
Дипломат Среда 15:30,17.03.2027,Азы программирования на языке Lua. Minecraft Education.,2,,
Дипломат Среда 15:30,24.03.2027,Азы программирования на языке Lua. Minecraft Education.,3,,
Дипломат Среда 15:30,31.03.2027,Азы программирования на языке Lua. Minecraft Education.,4,,
Дипломат Среда 15:30,07.04.2027,Азы программирования на языке Lua. Minecraft Education.,5,,
Дипломат Вторник 14:30,29.09.2026,Вводный модуль. Креативный инжиниринг и магия ИИ,1,,
Дипломат Вторник 14:30,06.10.2026,Вводный модуль. Креативный инжиниринг и магия ИИ,2,,
Дипломат Вторник 14:30,13.10.2026,Вводный модуль. Креативный инжиниринг и магия ИИ,3,,
Дипломат Вторник 14:30,20.10.2026,Вводный модуль. Креативный инжиниринг и магия ИИ,4,,
Дипломат Вторник 14:30,27.10.2026,Основы программирования в Scratch Junior,1,,
Дипломат Вторник 14:30,03.11.2026,Основы программирования в Scratch Junior,2,,
Дипломат Вторник 14:30,10.11.2026,Основы программирования в Scratch Junior,3,,
Дипломат Вторник 14:30,17.11.2026,Основы программирования в Scratch Junior,4,,
Дипломат Вторник 14:30,24.11.2026,Основы программирования в Scratch Junior,5,,
Дипломат Вторник 14:30,01.12.2026,Клавиатурный мастер: скоропечать и полезные горячие клавиши,1,,
Дипломат Вторник 14:30,08.12.2026,Логика и алгоритмы через игровые квесты в Code Monkey,1,,
Дипломат Вторник 14:30,15.12.2026,Логика и алгоритмы через игровые квесты в Code Monkey,2,,
Дипломат Вторник 14:30,22.12.2026,Знакомство с 3D. Разработка 3D-миров в Kodu Game Lab,1,,
Дипломат Вторник 14:30,29.12.2026,Знакомство с 3D. Разработка 3D-миров в Kodu Game Lab,2,,
Дипломат Вторник 14:30,05.01.2027,Знакомство с 3D. Разработка 3D-миров в Kodu Game Lab,3,,
Дипломат Вторник 14:30,12.01.2027,Знакомство с 3D. Разработка 3D-миров в Kodu Game Lab,4,,
Дипломат Вторник 14:30,19.01.2027,Знакомство с 3D. Разработка 3D-миров в Kodu Game Lab,5,,
Дипломат Вторник 14:30,26.01.2027,Scratch. Продвинутый уровень - создаём игры как маленькие разработчики!,1,,
Дипломат Вторник 14:30,02.02.2027,Scratch. Продвинутый уровень - создаём игры как маленькие разработчики!,2,,
Дипломат Вторник 14:30,09.02.2027,Scratch. Продвинутый уровень - создаём игры как маленькие разработчики!,3,,
Дипломат Вторник 14:30,16.02.2027,Scratch. Продвинутый уровень - создаём игры как маленькие разработчики!,4,,
Дипломат Вторник 14:30,23.02.2027,Scratch. Продвинутый уровень - создаём игры как маленькие разработчики!,5,,
Дипломат Вторник 14:30,02.03.2027,Алгоритмы приключений: квест - кодинг Run Marco! Учимся думать как разработчики.,1,,
Дипломат Вторник 14:30,09.03.2027,Алгоритмы приключений: квест - кодинг Run Marco! Учимся думать как разработчики.,2,,
Дипломат Вторник 14:30,16.03.2027,Алгоритмические головоломки. Пиктомир,1,,
Дипломат Вторник 14:30,23.03.2027,Алгоритмические головоломки. Пиктомир,2,,
Дипломат Вторник 14:30,30.03.2027,Алгоритмические головоломки. Пиктомир,3,,
Дипломат Вторник 14:30,06.04.2027,Алгоритмические головоломки. Пиктомир,4,,
Дипломат Вторник 14:30,13.04.2027,Алгоритмические головоломки. Пиктомир,5,,
Дипломат Вторник 14:30,20.04.2027,Текстовый код и мышление программиста. Blockly,1,,
Дипломат Вторник 14:30,27.04.2027,Текстовый код и мышление программиста. Blockly,2,,
Дипломат Вторник 14:30,04.05.2027,Текстовый код и мышление программиста. Blockly,3,,
Дипломат Вторник 14:30,11.05.2027,Текстовый код и мышление программиста. Blockly,4,,
